{"cameraMode":{"drawMode":1,"name":"Wireframe","section":"Shading Mode"},"sceneLighting":true,"audioPlay":false,"sceneViewState":{"showFog":true,"showMaterialUpdate":false,"showSkybox":true,"showFlares":true,"showImageEffects":true,"showParticleSystems":true},"in2DMode":false,"pivot":{"x":0.4267999231815338,"y":0.11287248879671097,"z":0.8534771800041199},"rotation":{"x":-0.06326572597026825,"y":-0.005988230928778648,"z":0.00037732470082119107,"w":-0.9979817867279053},"size":2.6334521770477297,"orthographic":false}